sentence_id,lang,sentence_text,human_rating,human_scaled,readability_score,error,tree_depth,char_density,avg_syllables,pos_ratio
ru_001,ru,Быстрая коричневая лиса прыгает через ленивую собаку.,5.0,100.0,47.6,52.4,3,6.571428571428571,3.142857142857143,0.75
kk_014,kk,Бұл мақалада жасанды интеллекттің заманауи дипломатиядағы рөлі мен оның халықаралық қатынастар жүйесіне әсері қарастырылады.,3.5,62.5,19.5,43.0,7,7.857142857142857,3.571428571428572,0.7333333333333333
ru_003,ru,"По результатам исследований, возобновляемые источники энергии становятся более эффективными.",3.75,68.75,28.5,40.25,3,9.11111111111111,4.111111111111111,0.7272727272727273
ru_010,ru,Образование является наиболее мощным оружием для изменения мира.,4.0,75.0,35.9,39.1,4,7.0,3.625,0.7777777777777778
kk_008,kk,Мен салатты шанышқымен жеймін.,5.0,100.0,61.1,38.9,3,6.5,2.5,0.6
kk_015,kk,"Жасанды интеллекттің деректерді өңдеу, алдын ала болжау, киберқауіпсіздік, коммуникация және шешім қабылдау процестерін қолдау сияқты негізгі бағыттары сипатталады.",3.2,55.00000000000001,22.4,32.60000000000001,7,7.944444444444445,3.2777777777777777,0.7272727272727273
ru_013,ru,Математика помогает нам понимать окружающий мир.,4.0,75.0,42.9,32.1,4,7.0,3.1666666666666665,0.7142857142857143
kk_013,kk,Жұлдыздың жалпы сапасы оның өзгерісі мен кейінгі тағдырының маңызды көрсеткіші.,4.0,75.0,43.9,31.1,4,6.9,2.9,0.7272727272727273
en_004,en,Language is the normal way humans communicate.,4.5,87.5,57.0,30.5,4,5.571428571428571,2.142857142857143,0.625
ru_007,ru,После уроков мальчик приходит на ферму.,5.0,100.0,70.0,30.0,3,5.5,2.1666666666666665,0.5714285714285714
en_001,en,Different dog breeds have different lifespans.,4.0,75.0,46.8,28.200000000000003,3,6.666666666666667,2.1666666666666665,0.8571428571428571
ru_002,ru,Изменение климата существенно влияет на экосистемы и общество.,4.0,75.0,46.9,28.1,4,6.75,3.125,0.6666666666666666
kk_011,kk,"Жылы мезгілде трекинг, жаяу туризм, тау велосипеді, альпинизм және экологиялық туризм сияқты бағыттарды дамытуға мүмкіндік бар.",3.5,62.5,34.5,28.0,7,6.75,2.8125,0.7
ru_012,ru,Интернет соединяет миллионы компьютеров по всему миру.,4.25,81.25,54.3,26.950000000000003,3,6.714285714285714,3.0,0.625
kk_001,kk,Жылдам қоңыр түлкі жалқау итті секіре өтетін.,4.0,75.0,49.2,25.799999999999997,4,5.428571428571429,2.2857142857142856,0.875
kk_005,kk,"Ғылыми әдіс бақылау, гипотеза, эксперимент және талдауға негізделеді.",3.75,68.75,43.0,25.75,4,7.375,3.25,0.6363636363636364
ru_006,ru,Мама и папа работают на ферме.,5.0,100.0,74.8,25.200000000000003,4,4.0,2.0,0.5714285714285714
kk_004,kk,"Зерттеулердің нәтижелеріне сәйкес, жаңартылатын энергия көздері тез тиімді болып келеді.",3.75,68.75,43.9,24.85,4,7.7,3.3,0.5833333333333334
ru_008,ru,У меня живут разные животные.,5.0,100.0,75.2,24.799999999999997,3,4.8,2.4,0.5
ru_015,ru,"Чтобы сделать выводы об особенностях климата, необходимы многолетние ряды наблюдений за погодой.",3.75,68.75,44.1,24.65,5,6.916666666666667,3.0,0.6428571428571429
ru_004,ru,"Научный метод опирается на наблюдение, гипотезу, эксперимент и анализ.",4.0,75.0,52.1,22.9,4,6.555555555555555,3.111111111111111,0.5833333333333334
ru_014,ru,Наука основана на наблюдении и экспериментах.,4.0,75.0,52.5,22.5,4,6.5,3.1666666666666665,0.5714285714285714
ru_019,ru,"Иностранные исследователи пытаются создать единую методологию нейрообразования и доказать эффективность методов обучения, основанных на знаниях о функционировании головного мозга.",2.5,37.5,15.1,22.4,10,8.368421052631579,3.8947368421052633,0.7619047619047619
en_012,en,"The scientific method relies on observation, hypothesis, experiment, and analysis.",3.75,68.75,46.5,22.25,6,6.9,2.6,0.5
en_003,en,The Internet is the world's largest global communication network for computers and other devices.,4.0,75.0,52.9,22.1,6,5.785714285714286,2.0,0.5625
kk_002,kk,Білім - дүниені өзгерту үшін ең күшті қару.,4.25,81.25,59.4,21.85,5,4.857142857142857,2.2857142857142856,0.6666666666666666
kk_009,kk,Маған салат ұнайды.,5.0,100.0,78.3,21.700000000000003,2,5.333333333333333,2.333333333333333,0.5
