sentence_id,lang,sentence_text,human_rating,notes
en_001,en,Different dog breeds have different lifespans.,4.0,
en_002,en,Science is what we do to find out about the natural world.,4.0,
en_003,en,The Internet is the world's largest global communication network for computers and other devices.,4.0,
en_004,en,Language is the normal way humans communicate.,4.5,
en_005,en,"A family is a group of people who, in most cases, live together.",4.5,
en_006,en,The quick brown fox jumps over the lazy dog.,4.5,
en_007,en,Education is the most powerful weapon which you can use to change the world.,4.0,
en_008,en,Climate change significantly affects ecosystems and human societies worldwide.,3.0,
en_009,en,The term country refers to a political entity or its territory in the world.,3.5,
en_010,en,"Culture is a word for the 'way of life' of groups of people, meaning the way they do things.",4.0,
en_011,en,"According to recent studies, renewable energy sources are becoming more efficient.",3.5,
en_012,en,"The scientific method relies on observation, hypothesis, experiment, and analysis.",3.75,
en_013,en,Present-day climate change includes both global warming—the ongoing increase in global average temperature—and its wider effects on Earth's climate system.,3.5,
en_014,en,Machine learning addresses the question of how to build computers that improve automatically through experience.,3.0,
en_015,en,"Quantum computing promises to be the next disruptive technology, with numerous possible applications and implications for organizations and markets.",2.25,
en_016,en,"Our object of study is the theory of definable graphs, usually Borel or analytic graphs on Polish spaces.",2.5,
en_017,en,"We investigate how combinatorial concepts, such as colorings and matchings, behave under definability constraints, i.e., when they are required to be definable or well-behaved in the topological or measure theoretic sense.",2.3,
en_018,en,"Advances in neuroscience, alongside huge leaps in computer processing power over the last few decades, have given rise to a new generation of in silico neural networks inspired by the architecture of the brain.",2.2,
en_019,en,"These AI systems are now capable of many of the advanced perceptual and cognitive abilities of biological systems, including object recognition and decision making.",2.7,
en_020,en,"Moreover, AI is now increasingly being employed as a tool for neuroscience research and is transforming our understanding of brain functions.",3.2,
en_021,en,"In particular, deep learning has been used to model how convolutional layers and recurrent connections in the brain’s cerebral cortex control important functions, including visual processing, memory, and motor control.",1.65,
en_022,en,"Methods of computer algebra become more familiar to a wide audience of theoretical mathematicians and physicists.",3.1,
en_023,en,"Although there are a wide range of fast Fourier transform algorithms, involving a wealth of mathematics from number theory to polynomial algebras, the vast majority of FFT implementations in practice employ some variation on the Cooley–Tukey algorithm.",1.95,
ru_001,ru,Быстрая коричневая лиса прыгает через ленивую собаку.,5.0,
ru_002,ru,Изменение климата существенно влияет на экосистемы и общество.,4.0,
ru_003,ru,"По результатам исследований, возобновляемые источники энергии становятся более эффективными.",3.75,
ru_004,ru,"Научный метод опирается на наблюдение, гипотезу, эксперимент и анализ.",4.0,
ru_005,ru,Семья Антона живёт в селе.,5.0,
ru_006,ru,Мама и папа работают на ферме.,5.0,
ru_007,ru,После уроков мальчик приходит на ферму.,5.0,
ru_008,ru,У меня живут разные животные.,5.0,
ru_009,ru,Ержан дает им корм и воду.,5.0,
ru_010,ru,Образование является наиболее мощным оружием для изменения мира.,4.0,
ru_011,ru,Климат влияет на жизнь всех людей на Земле.,4.25,
ru_012,ru,Интернет соединяет миллионы компьютеров по всему миру.,4.25,
ru_013,ru,Математика помогает нам понимать окружающий мир.,4.0,
ru_014,ru,Наука основана на наблюдении и экспериментах.,4.0,
ru_015,ru,"Чтобы сделать выводы об особенностях климата, необходимы многолетние ряды наблюдений за погодой.",3.75,
ru_016,ru,"Важнейшим элементом климата, влияющим на остальные его характеристики, в первую очередь на температуру, является лучистая энергия Солнца.",3.0,
ru_017,ru,Дисциплина “Искусственный интеллект” играет фундаментальную роль в подготовке специалистов в области информатики и вычислительной техники.,2.75,
ru_018,ru,"Кроме того, делается вывод о том, насколько важно в процессе усвоения учитывать специфику профессиональной терминологии - абстрактных и конкретных понятий.",2.4,
ru_019,ru,"Иностранные исследователи пытаются создать единую методологию нейрообразования и доказать эффективность методов обучения, основанных на знаниях о функционировании головного мозга.",2.5,
ru_020,ru,Одним из загадочных объектов топологии является лента Мёбиуса - неориентированная поверхность с одной стороной.,2.7,
kk_001,kk,Жылдам қоңыр түлкі жалқау итті секіре өтетін.,4.0,
kk_002,kk,Білім - дүниені өзгерту үшін ең күшті қару.,4.25,
kk_003,kk,Климаттың өзгеруі экожүйелер мен қоғамға айтарлықтай әсер етеді.,3.25,
kk_004,kk,"Зерттеулердің нәтижелеріне сәйкес, жаңартылатын энергия көздері тез тиімді болып келеді.",3.75,
kk_005,kk,"Ғылыми әдіс бақылау, гипотеза, эксперимент және талдауға негізделеді.",3.75,
kk_006,kk,Мен тамақ ішемін.,5.0,5
kk_007,kk,"Мен сорпа, салат аламын.",5.0,
kk_008,kk,Мен салатты шанышқымен жеймін.,5.0,
kk_009,kk,Маған салат ұнайды.,5.0,
kk_010,kk,"Кездесуде Президент Қасым-Жомарт Тоқаев елдің қорғаныс қабілетін нығайту, Қарулы Күштердің жауынгерлік дайындығын күшейту және әскери басқару жүйесін жетілдіру бойынша нақты тапсырмалар берді.",3.0,
kk_011,kk,"Жылы мезгілде трекинг, жаяу туризм, тау велосипеді, альпинизм және экологиялық туризм сияқты бағыттарды дамытуға мүмкіндік бар.",3.5,
kk_012,kk,Бірер күннен кейін Алматыда «Қазақстан - Қытай» инвестициялық форумы өтеді.,3.75,
kk_013,kk,Жұлдыздың жалпы сапасы оның өзгерісі мен кейінгі тағдырының маңызды көрсеткіші.,4.0,
kk_014,kk,Бұл мақалада жасанды интеллекттің заманауи дипломатиядағы рөлі мен оның халықаралық қатынастар жүйесіне әсері қарастырылады.,3.5,
kk_015,kk,"Жасанды интеллекттің деректерді өңдеу, алдын ала болжау, киберқауіпсіздік, коммуникация және шешім қабылдау процестерін қолдау сияқты негізгі бағыттары сипатталады.",3.2,
kk_016,kk,"Мақалада қазақ тілінің цифрлық корпусы мен жасанды интеллект технологияларының өзара байланысы, қазіргі жағдайы және болашақ даму бағыттары кешенді түрде қарастырылады.",2.5,
kk_017,kk,"Цифрлық дәуірде тілдің сақталуы мен дамуы үшін корпусқа негізделген лингвистикалық зерттеулердің маңызы ерекше артып отыр, себебі жасанды интеллект жүйелерін оқытудың негізгі базасы ретінде сапалы және көлемді цифрлық ресурстар қажет екендігі дәлелденген.",2.5,
kk_018,kk,"Соның ішінде жасанды интеллект платформалары оқушылардың жазылым əрекетін жетілдіруге, грамматикалық сауаттылығын арттыруға, сөздік қорын байытуға жəне шығармашылық қабілетін дамытуға мүмкіндік береді.",2.0,
